                  epoch,         train/box_loss,         train/cls_loss,         train/dfl_loss,   metrics/precision(B),      metrics/recall(B),       metrics/mAP50(B),    metrics/mAP50-95(B),           val/box_loss,           val/cls_loss,           val/dfl_loss,                 lr/pg0,                 lr/pg1,                 lr/pg2
                      1,                 1.5661,                 1.1388,                 1.1973,                0.76864,                0.70772,                0.75521,                0.41084,                 1.4549,                 1.0729,                 1.2421,             0.00041628,             0.00041628,             0.00041628
                      2,                 1.5303,                0.93306,                 1.1748,                0.81874,                0.74833,                 0.8019,                0.44166,                  1.432,                0.95209,                 1.2165,             0.00066802,             0.00066802,             0.00066802
                      3,                 1.5013,                0.88139,                 1.1603,                0.81459,                0.73688,                0.79807,                0.45291,                  1.399,                0.87621,                 1.1964,             0.00075477,             0.00075477,             0.00075477
                      4,                 1.4583,                0.81568,                 1.1378,                0.83721,                0.78521,                0.84127,                0.49328,                 1.3485,                0.82781,                 1.1514,              0.0005075,              0.0005075,              0.0005075
                      5,                 1.4065,                 0.7429,                 1.1102,                0.86965,                0.80807,                0.86386,                0.51203,                 1.3108,                 0.7408,                  1.131,                0.00026,                0.00026,                0.00026
